Jill,Doe
Joe,Doe
Justin,Doe
Jane,Doe
John,DoeJill,Doe
Joe,Doe
Justin,Doe
Jane,Doe
John,DoeJill,Doe
Joe,Doe
Justin,Doe
Jane,Doe
John,DoeJill,Doe
Joe,Doe
Justin,Doe
Jane,Doe
John,DoeJill,Doe
Joe,Doe
Justin,Doe
Jane,Doe
John,DoeJill,Doe
Joe,Doe
Justin,Doe
Jane,Doe
John,DoeJill,Doe
Joe,Doe
Justin,Doe
Jane,Doe
John,DoeJill,Doe
Joe,Doe
Justin,Doe
Jane,Doe
John,DoeJill,Doe
Joe,Doe
Justin,Doe
Jane,Doe
John,DoeJill,Doe
Joe,Doe
Justin,Doe
Jane,Doe
John,DoeJill,Doe
Joe,Doe
Justin,Doe
Jane,Doe
John,DoeJill,Doe
Joe,Doe
Justin,Doe
Jane,Doe
John,DoeJill,Doe
Joe,Doe
Justin,Doe
Jane,Doe
John,DoeJill,Doe
Joe,Doe
Justin,Doe
Jane,Doe
John,DoeJill,Doe
Joe,Doe
Justin,Doe
Jane,Doe
John,DoeJill,Doe
Joe,Doe
Justin,Doe
Jane,Doe
John,DoeJill,Doe
Joe,Doe
Justin,Doe
Jane,Doe
John,DoeJill,Doe
Joe,Doe
Justin,Doe
Jane,Doe
John,DoeJill,Doe
Joe,Doe
Justin,Doe
Jane,Doe
John,DoeJill,Doe
Joe,Doe
Justin,Doe
Jane,Doe
John,DoeJill,Doe
Joe,Doe
Justin,Doe
Jane,Doe
John,DoeJill,Doe
Joe,Doe
Justin,Doe
Jane,Doe
John,DoeJill,Doe
Joe,Doe
Justin,Doe
Jane,Doe
John,DoeJill,Doe
Joe,Doe
Justin,Doe
Jane,Doe
John,DoeJill,Doe
Joe,Doe
Justin,Doe
Jane,Doe
John,DoeJill,Doe
Joe,Doe
Justin,Doe
Jane,Doe
John,DoeJill,Doe
Joe,Doe
Justin,Doe
Jane,Doe
John,DoeJill,Doe
Joe,Doe
Justin,Doe
Jane,Doe
John,DoeJill,Doe
Joe,Doe
Justin,Doe
Jane,Doe
John,DoeJill,Doe
Joe,Doe
Justin,Doe
Jane,Doe
John,DoeJill,Doe
Joe,Doe
Justin,Doe
Jane,Doe
John,DoeJill,Doe
Joe,Doe
Justin,Doe
Jane,Doe
John,DoeJill,Doe
Joe,Doe
Justin,Doe
Jane,Doe
John,Doe